DataSize,RecursiveTime(us),MemorizedTime(us),BottomUpTime(us)
1,0,0,6
2,0,0,5
3,2,0,5
4,1,0,7
5,2,0,7
6,34,0,10
7,4,1,5
8,34,1,6
9,19,1,5
10,38,1,5
11,72,2,5
12,142,2,5
13,295,3,10
14,479,4,12
15,1081,3,11
16,3192,5,15
17,5627,7,17
18,12501,8,26
19,21158,12,28
20,37913,6,13
21,61524,6,13
22,134463,7,13
23,318141,8,13
24,637419,8,13
25,1174241,8,14
26,-1,9,9
27,-1,10,9
28,-1,10,9
29,-1,11,9
30,-1,12,9
31,-1,24,26
32,-1,24,17
33,-1,198,30
34,-1,173,24
35,-1,27,25
36,-1,222,31
37,-1,147,24
38,-1,177,46
39,-1,131,166
40,-1,41,29
41,-1,44,44
42,-1,45,27
43,-1,47,31
44,-1,25,23
45,-1,27,16
46,-1,47,31
47,-1,74,34
48,-1,57,36
49,-1,60,35
50,-1,63,35
51,-1,67,35
52,-1,69,37
53,-1,71,37
54,-1,75,38
55,-1,77,40
56,-1,82,41
57,-1,84,41
58,-1,99,41
59,-1,89,42
60,-1,93,42
61,-1,96,44
62,-1,92,48
63,-1,65,41
64,-1,281,51
65,-1,411,44
66,-1,101,41
67,-1,95,40
68,-1,99,47
69,-1,69,49
70,-1,114,28
71,-1,105,28
72,-1,107,29
73,-1,109,30
74,-1,110,30
75,-1,350,253
76,-1,141,58
77,-1,150,57
78,-1,156,58
79,-1,159,58
80,-1,130,34
81,-1,133,34
82,-1,126,34
83,-1,127,35
84,-1,131,35
85,-1,131,39
86,-1,133,35
87,-1,136,37
88,-1,138,36
89,-1,142,39
90,-1,460,92
91,-1,196,74
92,-1,217,70
93,-1,214,76
94,-1,219,74
95,-1,225,73
96,-1,231,75
97,-1,235,77
98,-1,239,88
99,-1,242,76
100,-1,246,78
101,-1,262,95
102,-1,258,97
103,-1,271,95
104,-1,352,91
105,-1,251,94
106,-1,274,100
107,-1,280,96
108,-1,284,94
109,-1,288,92
110,-1,293,88
111,-1,299,87
112,-1,304,87
113,-1,309,84
114,-1,324,80
115,-1,335,77
116,-1,324,81
117,-1,224,75
118,-1,319,139
119,-1,245,63
120,-1,223,62
121,-1,350,81
122,-1,358,70
123,-1,360,72
124,-1,369,64
125,-1,379,65
126,-1,374,68
127,-1,378,67
128,-1,380,68
129,-1,390,73
130,-1,249,71
131,-1,260,71
132,-1,398,78
133,-1,292,82
134,-1,274,75
135,-1,414,75
136,-1,417,77
137,-1,406,76
138,-1,413,77
139,-1,420,80
140,-1,419,80
141,-1,424,82
142,-1,428,81
143,-1,430,82
144,-1,434,86
145,-1,435,84
146,-1,451,134
147,-1,301,124
148,-1,462,92
149,-1,395,90
150,-1,329,90
151,-1,468,91
152,-1,460,93
153,-1,467,92
154,-1,469,95
155,-1,473,95
156,-1,478,96
157,-1,482,98
158,-1,485,100
159,-1,560,126
160,-1,371,101
161,-1,510,101
162,-1,507,104
163,-1,511,103
164,-1,515,105
165,-1,528,106
166,-1,518,109
167,-1,521,108
168,-1,532,109
169,-1,534,111
170,-1,542,111
171,-1,404,118
172,-1,421,116
173,-1,574,116
174,-1,557,117
175,-1,553,117
176,-1,566,118
177,-1,571,120
178,-1,567,120
179,-1,572,125
180,-1,584,123
181,-1,586,187
182,-1,469,134
183,-1,614,131
184,-1,605,131
185,-1,600,132
186,-1,602,131
187,-1,612,132
188,-1,612,134
189,-1,615,137
190,-1,636,138
191,-1,623,142
192,-1,580,144
193,-1,621,155
194,-1,522,143
195,-1,659,143
196,-1,650,144
197,-1,654,145
198,-1,660,146
199,-1,661,149
200,-1,679,150
201,-1,571,151
202,-1,851,246
203,-1,750,169
204,-1,723,156
205,-1,694,157
206,-1,712,160
207,-1,715,162
208,-1,721,160
209,-1,711,164
210,-1,746,163
211,-1,718,164
212,-1,728,166
213,-1,797,177
214,-1,880,178
215,-1,769,174
216,-1,649,179
217,-1,800,174
218,-1,762,176
219,-1,763,176
220,-1,770,178
221,-1,788,180
222,-1,904,304
223,-1,669,185
224,-1,816,185
225,-1,822,188
226,-1,803,187
227,-1,807,189
228,-1,809,190
229,-1,834,191
230,-1,841,198
231,-1,901,440
232,-1,741,198
233,-1,853,201
234,-1,897,206
235,-1,864,202
236,-1,887,203
237,-1,893,205
238,-1,887,207
239,-1,1233,353
240,-1,936,218
241,-1,931,212
242,-1,916,213
243,-1,921,216
244,-1,905,218
245,-1,932,217
246,-1,913,219
247,-1,1095,387
248,-1,867,242
249,-1,860,235
250,-1,980,227
251,-1,946,228
252,-1,960,230
253,-1,987,245
254,-1,995,234
255,-1,1092,244
256,-1,861,286
257,-1,851,255
258,-1,1046,241
259,-1,1015,244
260,-1,1003,245
261,-1,1036,245
262,-1,1042,250
263,-1,1052,250
264,-1,1053,251
265,-1,1121,262
266,-1,1155,261
267,-1,984,260
268,-1,959,264
269,-1,1076,264
270,-1,1080,263
271,-1,1104,264
272,-1,1107,266
273,-1,1223,442
274,-1,1015,273
275,-1,1141,275
276,-1,1108,276
277,-1,1142,274
278,-1,1122,276
279,-1,1183,280
280,-1,1456,296
281,-1,1186,284
282,-1,1161,295
283,-1,1185,288
284,-1,1159,288
285,-1,1172,295
286,-1,1171,292
287,-1,1192,352
288,-1,1082,296
289,-1,1213,299
290,-1,1208,304
291,-1,1246,302
292,-1,1228,305
293,-1,1423,316
294,-1,1403,353
295,-1,1143,312
296,-1,1259,316
297,-1,1268,319
298,-1,1297,316
299,-1,1268,417
300,-1,1264,521
301,-1,1318,329
302,-1,1336,326
303,-1,1303,330
304,-1,1318,328
305,-1,1192,332
306,-1,1321,336
307,-1,1458,345
308,-1,1408,349
309,-1,1356,340
310,-1,1402,351
311,-1,1244,345
312,-1,1441,349
313,-1,1502,561
314,-1,1475,361
315,-1,1418,358
316,-1,1396,355
317,-1,1407,363
318,-1,1415,361
319,-1,1461,362
320,-1,1980,376
321,-1,1470,366
322,-1,1473,378
323,-1,1554,371
324,-1,1501,371
325,-1,1459,566
326,-1,1647,389
327,-1,1371,379
328,-1,1493,381
329,-1,1506,388
330,-1,1504,385
331,-1,2011,436
332,-1,1703,399
333,-1,1445,394
334,-1,1600,394
335,-1,1545,396
336,-1,1893,424
337,-1,1544,412
338,-1,1640,406
339,-1,1585,408
340,-1,1638,408
341,-1,1593,413
342,-1,1602,413
343,-1,1506,421
344,-1,2881,684
345,-1,1690,482
346,-1,1625,425
347,-1,1980,436
348,-1,1561,435
349,-1,1668,433
350,-1,1672,431
351,-1,1677,433
352,-1,1911,652
353,-1,1590,439
354,-1,1725,451
355,-1,1750,443
356,-1,1719,445
357,-1,2610,468
358,-1,2010,458
359,-1,1882,455
360,-1,1765,456
361,-1,1795,464
362,-1,1795,486
363,-1,1844,465
364,-1,1782,466
365,-1,1807,468
366,-1,1918,538
367,-1,1723,481
368,-1,1859,478
369,-1,1841,477
370,-1,1857,480
371,-1,1866,484
372,-1,1909,494
373,-1,1768,489
374,-1,2005,521
375,-1,1792,499
376,-1,2240,544
377,-1,2063,506
378,-1,1848,506
379,-1,1999,509
380,-1,1943,506
381,-1,2510,530
382,-1,1998,513
383,-1,1979,521
384,-1,2070,517
385,-1,2098,522
386,-1,1901,523
387,-1,2015,524
388,-1,2142,527
389,-1,2018,530
390,-1,2088,541
391,-1,1960,536
392,-1,2140,538
393,-1,2059,543
394,-1,2462,556
395,-1,2189,552
396,-1,2658,559
397,-1,2146,551
398,-1,2260,566
399,-1,2020,556
400,-1,2315,571
401,-1,2043,562
402,-1,2203,639
403,-1,2081,569
404,-1,2181,570
405,-1,2176,573
406,-1,2495,1138
407,-1,2098,586
408,-1,2246,593
409,-1,2273,588
410,-1,2992,803
411,-1,2386,590
412,-1,2251,591
413,-1,2253,594
414,-1,2466,607
415,-1,2349,610
416,-1,2317,610
417,-1,2384,606
418,-1,3327,670
419,-1,2231,614
420,-1,2345,615
421,-1,2552,616
422,-1,2667,630
423,-1,2507,636
424,-1,2390,627
425,-1,2440,651
426,-1,2664,643
427,-1,3111,923
428,-1,2707,646
429,-1,2730,686
430,-1,2423,645
431,-1,2481,655
432,-1,2574,650
433,-1,2596,660
434,-1,2495,655
435,-1,2491,669
436,-1,2493,660
437,-1,2498,680
438,-1,2559,679
439,-1,2530,670
440,-1,2583,1057
441,-1,2642,688
442,-1,2567,680
443,-1,2718,681
444,-1,2961,699
445,-1,2721,697
446,-1,2717,694
447,-1,2705,706
448,-1,2927,800
449,-1,2704,709
450,-1,2748,711
451,-1,2859,815
452,-1,2740,768
453,-1,2913,723
454,-1,2594,939
455,-1,2605,718
456,-1,2739,724
457,-1,2733,723
458,-1,2889,737
459,-1,2789,730
460,-1,2788,746
461,-1,3608,833
462,-1,2791,740
463,-1,2792,741
464,-1,2798,859
465,-1,3326,1342
466,-1,4728,1313
467,-1,3033,767
468,-1,3266,770
469,-1,2759,771
470,-1,2911,1069
471,-1,3325,779
472,-1,2799,772
473,-1,2946,785
474,-1,3308,791
475,-1,3011,781
476,-1,2956,790
477,-1,3689,804
478,-1,2870,793
479,-1,3017,801
480,-1,3496,812
481,-1,3056,800
482,-1,3011,805
483,-1,3444,816
484,-1,3214,819
485,-1,3058,815
486,-1,3185,858
487,-1,3397,832
488,-1,2974,825
489,-1,3177,1140
490,-1,3002,831
491,-1,3138,842
492,-1,3475,1110
493,-1,3105,843
494,-1,3282,843
495,-1,3499,1020
496,-1,3326,849
497,-1,3216,872
498,-1,3467,880
499,-1,3245,861
500,-1,3372,871
501,-1,3770,876
502,-1,3397,878
503,-1,3288,879
504,-1,3707,888
505,-1,3197,884
506,-1,3309,889
507,-1,3728,1278
508,-1,3437,893
509,-1,3467,915
510,-1,3875,906
511,-1,3392,904
512,-1,3519,912
513,-1,4332,916
514,-1,3415,914
515,-1,3546,1185
516,-1,3487,922
517,-1,3569,919
518,-1,4017,939
519,-1,3470,937
520,-1,3487,935
521,-1,3850,946
522,-1,3543,943
523,-1,3530,948
524,-1,4250,957
525,-1,3568,954
526,-1,3638,1154
527,-1,3720,963
528,-1,3567,971
529,-1,4584,974
530,-1,3729,969
531,-1,3777,981
532,-1,3591,995
533,-1,3641,978
534,-1,4081,1092
535,-1,4975,1627
536,-1,3921,997
537,-1,3904,1021
538,-1,3756,1006
539,-1,4214,1055
540,-1,3744,1008
541,-1,3857,1022
542,-1,4203,1023
543,-1,3668,1017
544,-1,3990,1511
545,-1,3756,1024
546,-1,3917,1039
547,-1,4470,1044
548,-1,3889,1037
549,-1,4004,1401
550,-1,5075,1273
551,-1,6042,1451
552,-1,4143,1054
553,-1,4087,1052
554,-1,4546,1071
555,-1,3859,1060
556,-1,4333,1110
557,-1,4823,1072
558,-1,3879,1078
559,-1,4398,1085
560,-1,3909,1076
561,-1,4860,1094
562,-1,3953,1090
563,-1,4214,1089
564,-1,4484,1184
565,-1,3982,1100
566,-1,4492,1115
567,-1,4010,1108
568,-1,4360,1389
569,-1,4180,1115
570,-1,4245,1162
571,-1,4162,1127
572,-1,4155,1125
573,-1,4585,1140
574,-1,4398,1130
575,-1,5320,1149
576,-1,4447,1142
577,-1,4439,1560
578,-1,4422,1157
579,-1,4444,1155
580,-1,4605,1166
581,-1,4207,1158
582,-1,4808,1414
583,-1,4503,1168
584,-1,4709,1261
585,-1,4314,1180
586,-1,4246,1183
587,-1,4767,1201
588,-1,4280,1189
589,-1,5051,1199
590,-1,4446,1202
591,-1,5011,1220
592,-1,4595,1209
593,-1,4670,1664
594,-1,4700,1219
595,-1,4419,1219
596,-1,4634,1228
597,-1,4555,1224
598,-1,5249,1240
599,-1,4647,1235
600,-1,5413,1245
601,-1,4671,1244
602,-1,5065,1646
603,-1,4758,1245
604,-1,5016,1572
605,-1,4894,1271
606,-1,4667,1671
607,-1,5126,1272
608,-1,4775,1502
609,-1,4755,1286
610,-1,4608,1276
611,-1,5130,1290
612,-1,5060,1289
613,-1,5202,1303
614,-1,4990,1298
615,-1,5312,1310
616,-1,4829,1303
617,-1,5427,1320
618,-1,6845,2278
619,-1,5454,1700
620,-1,5032,1342
621,-1,5306,1420
622,-1,4920,1333
623,-1,5361,1443
624,-1,5153,1336
625,-1,5461,1353
626,-1,4889,1347
627,-1,5671,1371
628,-1,4980,1357
629,-1,5621,1368
630,-1,5466,1370
631,-1,5566,1442
632,-1,5489,1380
633,-1,5567,1445
634,-1,5211,1383
635,-1,5697,1461
636,-1,5027,1391
637,-1,5537,1405
638,-1,5059,1396
639,-1,5812,1409
640,-1,5203,1405
641,-1,5558,1423
642,-1,5281,1423
643,-1,5578,1432
644,-1,5342,1433
645,-1,5873,1440
646,-1,5273,1438
647,-1,5786,1442
648,-1,5239,1442
649,-1,5928,1777
650,-1,5365,1449
651,-1,6168,1517
652,-1,5385,1464
653,-1,5851,1474
654,-1,5578,1475
655,-1,5794,1490
656,-1,5443,1476
657,-1,5703,1602
658,-1,5489,1484
659,-1,6432,1900
660,-1,5395,1496
661,-1,5873,1509
662,-1,5412,1893
663,-1,5642,1509
664,-1,5969,1524
665,-1,6029,1547
666,-1,6629,1535
667,-1,5646,1534
668,-1,6142,1546
669,-1,5706,1540
670,-1,5850,1544
671,-1,5691,1541
672,-1,6326,1552
673,-1,5602,1611
674,-1,5901,1565
675,-1,6110,1665
676,-1,6922,2413
677,-1,6186,1583
678,-1,6044,1574
679,-1,6362,1597
680,-1,5719,1950
681,-1,6339,1593
682,-1,6237,1606
683,-1,5966,1610
684,-1,6388,1612
685,-1,6034,1607
686,-1,6375,1622
687,-1,5833,1904
688,-1,6187,1622
689,-1,6299,1694
690,-1,6222,1634
691,-1,6647,1842
692,-1,6213,1646
693,-1,6283,1655
694,-1,6317,2033
695,-1,6037,1661
696,-1,6579,1675
697,-1,6254,1669
698,-1,6456,1677
699,-1,6424,1678
700,-1,6323,1689
701,-1,6685,1753
702,-1,6616,1686
703,-1,6490,1832
704,-1,6416,1706
705,-1,6750,1710
706,-1,6143,2155
707,-1,6443,1717
708,-1,6969,1727
709,-1,7355,1729
710,-1,7007,1736
711,-1,6489,1981
712,-1,6554,1734
713,-1,6929,2177
714,-1,6524,1755
715,-1,6681,1760
716,-1,7043,1873
717,-1,6735,1766
718,-1,6858,1774
719,-1,6609,1773
720,-1,7073,1775
721,-1,6851,1856
722,-1,6904,1790
723,-1,6923,2000
724,-1,6914,2067
725,-1,7452,1807
726,-1,7115,1813
727,-1,7785,2366
728,-1,6765,1811
729,-1,7206,1830
730,-1,6668,1829
731,-1,7140,1837
732,-1,6993,1943
733,-1,7072,1842
734,-1,7384,1853
735,-1,6675,2304
736,-1,7035,1860
737,-1,7357,1863
738,-1,7204,1918
739,-1,7108,1870
740,-1,7351,1878
741,-1,7096,1931
742,-1,7164,1890
743,-1,7402,2022
744,-1,7052,1904
745,-1,6946,2003
746,-1,7569,1913
747,-1,7094,1914
748,-1,7183,2242
749,-1,7433,1924
750,-1,7329,1920
751,-1,7493,1938
752,-1,7651,2020
753,-1,7235,1937
754,-1,7627,1961
755,-1,7171,2357
756,-1,7267,1952
757,-1,7526,1971
758,-1,7224,2343
759,-1,7331,1979
760,-1,7713,2091
761,-1,7328,2195
762,-1,7371,2004
763,-1,7718,2001
764,-1,7506,2391
765,-1,7649,2015
766,-1,7662,2016
767,-1,7551,2282
768,-1,7554,2022
769,-1,7744,2135
770,-1,7586,2292
771,-1,7740,2043
772,-1,7802,2044
773,-1,9372,2067
774,-1,7846,2053
775,-1,7831,2187
776,-1,8103,2068
777,-1,7822,2068
778,-1,7794,2072
779,-1,7958,2212
780,-1,7692,2480
781,-1,7696,2393
782,-1,8034,2099
783,-1,8042,2242
784,-1,7818,2098
785,-1,8070,2244
786,-1,8197,2115
787,-1,7893,2112
788,-1,8412,2128
789,-1,8081,2127
790,-1,8148,2587
791,-1,7926,2142
792,-1,8204,2154
793,-1,8166,2155
794,-1,8188,2161
795,-1,8213,2170
796,-1,8379,2172
797,-1,8352,2386
798,-1,7856,2509
799,-1,8177,2193
800,-1,8550,2197
801,-1,8211,2195
802,-1,8260,2200
803,-1,8453,2207
804,-1,8735,2243
805,-1,8462,2220
806,-1,8389,2231
807,-1,8394,2231
808,-1,8265,2634
809,-1,8655,2245
810,-1,8590,2556
811,-1,8627,2255
812,-1,8463,2553
813,-1,8425,2278
814,-1,8554,2283
815,-1,11510,2279
816,-1,8510,2285
817,-1,8756,2360
818,-1,8820,2288
819,-1,8808,2296
820,-1,8867,2421
821,-1,8646,2458
822,-1,8446,2303
823,-1,8589,2433
824,-1,8772,2325
825,-1,8924,2355
826,-1,8953,2335
827,-1,8622,2345
828,-1,8760,2603
829,-1,8814,2353
830,-1,9191,2752
831,-1,8617,2426
832,-1,8957,2376
833,-1,9011,2378
834,-1,9212,2520
835,-1,9171,2384
836,-1,8764,2382
837,-1,9121,2402
838,-1,9016,2407
839,-1,8808,2767
840,-1,9101,2409
841,-1,9090,2752
842,-1,9834,2428
843,-1,9095,2429
844,-1,9003,2752
845,-1,8915,2612
846,-1,9333,2449
847,-1,9420,2449
848,-1,11455,4694
849,-1,17201,2660
850,-1,14646,3893
851,-1,22362,3861
852,-1,12564,5677
853,-1,10179,2743
854,-1,9463,2492
855,-1,9193,2504
856,-1,9374,2628
857,-1,9060,2727
858,-1,9428,2520
859,-1,9744,2530
860,-1,9987,2553
861,-1,9493,2638
862,-1,9266,2533
863,-1,9622,2718
864,-1,9790,2549
865,-1,9965,2555
866,-1,9592,2833
867,-1,9868,2566
868,-1,9759,2697
869,-1,9675,2878
870,-1,10007,2587
871,-1,9698,2596
872,-1,9614,2816
873,-1,9643,2657
874,-1,9507,2913
875,-1,9720,2707
876,-1,10056,2617
877,-1,9997,2627
878,-1,10100,2647
879,-1,9819,3016
880,-1,10008,2780
881,-1,9603,2946
882,-1,9952,2655
883,-1,10095,2661
884,-1,9978,2672
885,-1,10595,2671
886,-1,10950,4397
887,-1,9924,3060
888,-1,10484,2794
889,-1,9960,2694
890,-1,9865,2835
891,-1,10203,3006
892,-1,10293,2732
893,-1,10572,2722
894,-1,10638,2732
895,-1,10720,2921
896,-1,9994,3115
897,-1,10475,2743
898,-1,10295,2757
899,-1,10324,2754
900,-1,10742,2769
901,-1,10576,2793
902,-1,10688,2778
903,-1,10700,2778
904,-1,10653,3003
905,-1,10444,2869
906,-1,10254,2890
907,-1,10273,2816
908,-1,10353,2817
909,-1,10588,2819
910,-1,10621,2826
911,-1,10576,2838
912,-1,10893,2841
913,-1,10819,2850
914,-1,10872,2854
915,-1,10949,2929
916,-1,10665,3054
917,-1,10714,3245
918,-1,10634,2865
919,-1,10671,2884
920,-1,11204,3347
921,-1,10469,2994
922,-1,10942,2907
923,-1,10653,2906
924,-1,10858,2911
925,-1,10850,2927
926,-1,12546,3224
927,-1,11009,2940
928,-1,11139,2937
929,-1,11408,2950
930,-1,11113,2956
931,-1,12252,2960
932,-1,11466,2963
933,-1,11154,3045
934,-1,10999,3354
935,-1,10914,3128
936,-1,11048,3118
937,-1,10879,3003
938,-1,10932,3004
939,-1,11150,3010
940,-1,11209,3053
941,-1,11258,3027
942,-1,11280,3018
943,-1,11779,3237
944,-1,11341,3044
945,-1,11399,3046
946,-1,11640,3057
947,-1,11721,3066
948,-1,11618,3069
949,-1,11970,3072
950,-1,11642,3078
951,-1,13911,3113
952,-1,11766,3096
953,-1,11712,3100
954,-1,11810,3110
955,-1,11849,3120
956,-1,11961,3124
957,-1,11749,3119
958,-1,11977,3129
959,-1,11981,3140
960,-1,12008,3142
961,-1,11981,3142
962,-1,11628,3157
963,-1,12312,3168
964,-1,11919,3174
965,-1,12254,3179
966,-1,12331,3180
967,-1,11824,3303
968,-1,12110,3200
969,-1,12075,3280
970,-1,15047,3378
971,-1,11661,3396
972,-1,11712,3441
973,-1,12195,3597
974,-1,11792,3588
975,-1,11911,3582
976,-1,11968,3622
977,-1,12050,3631
978,-1,12295,3443
979,-1,12319,3300
980,-1,12276,4118
981,-1,14598,3278
982,-1,12910,3276
983,-1,12853,3289
984,-1,12624,3305
985,-1,12547,3304
986,-1,12675,3314
987,-1,12608,3320
988,-1,12571,3332
989,-1,12545,3337
990,-1,12553,3500
991,-1,12456,3356
992,-1,12325,3413
993,-1,12546,3860
994,-1,12343,3834
995,-1,12815,3392
996,-1,12837,3381
997,-1,12769,3389
998,-1,12692,3396
999,-1,13181,3397
1000,-1,12898,3408
1001,-1,12986,3429
1002,-1,12926,3422
1003,-1,12932,3432
1004,-1,12811,3432
1005,-1,12567,3615
1006,-1,13028,4263
1007,-1,12924,3483
1008,-1,12962,4416
1009,-1,13400,3465
1010,-1,13330,3494
1011,-1,13553,3487
1012,-1,13011,3491
1013,-1,12983,3492
1014,-1,13976,3830
1015,-1,12845,3992
1016,-1,13077,3814
1017,-1,13757,3530
1018,-1,13370,3543
1019,-1,13501,3545
1020,-1,13397,3555
1021,-1,13470,3538
1022,-1,14445,3689
1023,-1,14054,3773
1024,-1,13222,3693
1025,-1,13298,3962
1026,-1,13729,3590
1027,-1,13615,3719
1028,-1,13553,3609
1029,-1,13725,3606
1030,-1,13593,3735
1031,-1,13271,4139
1032,-1,14115,3630
1033,-1,13666,3626
1034,-1,13601,3642
1035,-1,14456,3709
1036,-1,14379,3660
1037,-1,14767,4098
1038,-1,14571,3671
1039,-1,13767,3685
1040,-1,13840,3675
1041,-1,13922,3684
1042,-1,14177,3808
1043,-1,13394,4167
1044,-1,14175,3723
1045,-1,13910,3838
1046,-1,13995,3727
1047,-1,14151,3735
1048,-1,14121,3892
1049,-1,13607,4162
1050,-1,13962,4028
1051,-1,14353,3757
1052,-1,14304,3757
1053,-1,14456,3778
1054,-1,14059,3937
1055,-1,14664,3792
1056,-1,14104,4128
1057,-1,14333,3795
1058,-1,14380,3811
1059,-1,14578,3954
1060,-1,14635,3829
1061,-1,15570,3836
1062,-1,14860,3834
1063,-1,14427,3949
1064,-1,14476,3886
1065,-1,14422,4241
1066,-1,14377,3861
1067,-1,14521,3867
1068,-1,14601,4240
1069,-1,14462,3880
1070,-1,14465,4365
1071,-1,15050,3907
1072,-1,14625,3896
1073,-1,14229,4073
1074,-1,14647,3921
1075,-1,14644,4088
1076,-1,14878,3939
1077,-1,14831,4297
1078,-1,14711,4149
1079,-1,14843,3975
1080,-1,14888,3961
1081,-1,15277,3967
1082,-1,14592,4368
1083,-1,14896,4003
1084,-1,14927,3988
1085,-1,16630,5735
1086,-1,15122,4438
1087,-1,15048,4027
1088,-1,15092,4020
1089,-1,15109,4386
1090,-1,16087,4117
1091,-1,15574,4043
1092,-1,15174,4106
1093,-1,15704,4429
1094,-1,15067,4166
1095,-1,15795,4083
1096,-1,15643,4208
1097,-1,15448,4172
1098,-1,15838,4092
1099,-1,15350,4103
1100,-1,15066,4492
1101,-1,15943,4150
1102,-1,15319,4121
1103,-1,16373,4404
1104,-1,16545,4172
1105,-1,15625,4154
1106,-1,15757,4532
1107,-1,15510,4159
1108,-1,16141,4693
1109,-1,15756,4562
1110,-1,15816,4297
1111,-1,15648,4196
1112,-1,15605,4585
1113,-1,15765,4231
1114,-1,15780,4220
1115,-1,15817,4497
1116,-1,15875,4228
1117,-1,16065,4234
1118,-1,15760,4389
1119,-1,16049,4315
1120,-1,16028,4254
1121,-1,16024,4674
1122,-1,16068,4373
1123,-1,15978,4290
1124,-1,15911,4386
1125,-1,16292,4305
1126,-1,16178,4393
1127,-1,16172,4330
1128,-1,16571,4323
1129,-1,16172,4417
1130,-1,16105,4365
1131,-1,18708,4494
1132,-1,17967,4511
1133,-1,16200,4410
1134,-1,16264,4358
1135,-1,16254,4751
1136,-1,16535,4414
1137,-1,16625,4394
1138,-1,16426,4531
1139,-1,16462,4539
1140,-1,16495,4772
1141,-1,17006,4483
1142,-1,16724,4434
1143,-1,16458,4720
1144,-1,16906,4443
1145,-1,16832,4445
1146,-1,16596,4512
1147,-1,16735,4464
1148,-1,16716,4837
1149,-1,16762,4485
1150,-1,17013,4478
1151,-1,16786,4871
1152,-1,17345,4512
1153,-1,18820,4858
1154,-1,16905,4700
1155,-1,17193,4525
1156,-1,16878,4550
1157,-1,17000,4585
1158,-1,17492,4847
1159,-1,16941,4660
1160,-1,17091,4698
1161,-1,17294,4585
1162,-1,17241,4632
1163,-1,17228,4750
1164,-1,17130,4627
1165,-1,16979,5210
1166,-1,17372,4609
1167,-1,17364,4627
1168,-1,17386,4670
1169,-1,17314,4638
1170,-1,17486,5005
1171,-1,17483,4714
1172,-1,17651,4779
1173,-1,17292,4681
1174,-1,21618,5073
1175,-1,17131,4666
1176,-1,17418,4950
1177,-1,17958,4710
1178,-1,17701,4773
1179,-1,17525,4869
1180,-1,17543,4785
1181,-1,17727,5101
1182,-1,17923,4741
1183,-1,17575,5080
1184,-1,17873,4824
1185,-1,17762,5147
1186,-1,18229,4770
1187,-1,17994,5174
1188,-1,17991,4936
1189,-1,17735,5151
1190,-1,18209,4803
1191,-1,18078,5168
1192,-1,18311,4836
1193,-1,18060,5184
1194,-1,22037,4921
1195,-1,18033,4957
1196,-1,18834,4932
1197,-1,18425,4919
1198,-1,18352,4898
1199,-1,18671,4881
1200,-1,18291,4938
1201,-1,18339,5052
1202,-1,18135,4897
1203,-1,18683,4912
1204,-1,18354,4982
1205,-1,18473,4995
1206,-1,18362,4972
1207,-1,18389,4977
1208,-1,18313,5123
1209,-1,18780,4956
1210,-1,18770,5229
1211,-1,18461,4970
1212,-1,18675,5343
1213,-1,18597,5003
1214,-1,20760,5117
1215,-1,18431,5120
1216,-1,18951,5026
1217,-1,18881,5398
1218,-1,18530,5028
1219,-1,18927,5401
1220,-1,18824,5700
1221,-1,18664,5499
1222,-1,18721,5061
1223,-1,19129,5136
1224,-1,19672,5086
1225,-1,19455,5203
1226,-1,19101,5525
1227,-1,18859,5101
1228,-1,19065,5474
1229,-1,19005,5119
1230,-1,19422,5139
1231,-1,18872,5334
1232,-1,19995,5134
1233,-1,22650,5569
1234,-1,19349,5202
1235,-1,19437,5182
1236,-1,19340,5317
1237,-1,18984,5180
1238,-1,19369,5678
1239,-1,19506,5278
1240,-1,20625,5214
1241,-1,19406,5388
1242,-1,19576,5226
1243,-1,19721,5403
1244,-1,20206,5252
1245,-1,19810,5270
1246,-1,19880,5459
1247,-1,19668,5258
1248,-1,19674,5712
1249,-1,19858,5298
1250,-1,19912,5315
1251,-1,19804,5675
1252,-1,22539,5325
1253,-1,20055,5335
1254,-1,19931,5688
1255,-1,19651,5340
1256,-1,21015,5354
1257,-1,19796,5835
1258,-1,20238,5365
1259,-1,20323,5379
1260,-1,20282,5760
1261,-1,19979,5390
1262,-1,20327,5621
1263,-1,19902,5474
1264,-1,21683,5433
1265,-1,21506,6037
1266,-1,22635,5866
1267,-1,20183,5430
1268,-1,20455,5456
1269,-1,20594,6686
1270,-1,20443,5812
1271,-1,20968,5467
1272,-1,20629,5502
1273,-1,20614,5852
1274,-1,20542,5512
1275,-1,21361,5514
1276,-1,20571,5597
1277,-1,20516,5536
1278,-1,20772,5528
1279,-1,20230,5695
1280,-1,20856,5588
1281,-1,23144,5557
1282,-1,21618,5580
1283,-1,20723,6022
1284,-1,20452,5594
1285,-1,21156,5588
1286,-1,21013,5753
1287,-1,21948,5835
1288,-1,22255,5619
1289,-1,21513,5639
1290,-1,20780,6058
1291,-1,21078,5766
1292,-1,20952,5666
1293,-1,21410,5666
1294,-1,21216,6035
1295,-1,21735,6001
1296,-1,21345,5699
1297,-1,21580,5775
1298,-1,21422,5893
1299,-1,21350,5893
1300,-1,21657,5720
1301,-1,21227,5819
1302,-1,21728,5892
1303,-1,21747,6139
1304,-1,23439,6115
1305,-1,21851,5777
1306,-1,21454,5798
1307,-1,21782,6025
1308,-1,21694,5952
1309,-1,21628,5962
1310,-1,21607,5805
1311,-1,21891,5865
1312,-1,22031,5911
1313,-1,22019,6241
1314,-1,21673,5861
1315,-1,21818,5868
1316,-1,22092,5994
1317,-1,22938,6156
1318,-1,21931,6232
1319,-1,21663,5905
1320,-1,22246,5914
1321,-1,23047,7280
1322,-1,22157,6032
1323,-1,21969,6511
1324,-1,22442,6302
1325,-1,22309,5955
1326,-1,22207,5944
1327,-1,23580,6017
1328,-1,22036,6309
1329,-1,22054,6359
1330,-1,22116,6139
1331,-1,22545,6014
1332,-1,22497,6117
1333,-1,22327,6283
1334,-1,22771,6350
1335,-1,22594,6412
1336,-1,22271,6408
1337,-1,22441,7169
1338,-1,22458,6292
1339,-1,23207,6203
1340,-1,22731,6232
1341,-1,22569,6455
1342,-1,22962,6455
1343,-1,22721,6408
1344,-1,22746,6127
1345,-1,23053,6190
1346,-1,23761,6153
1347,-1,22986,6176
1348,-1,23296,6243
1349,-1,23260,6650
1350,-1,23548,6544
1351,-1,23082,6667
1352,-1,23483,6185
1353,-1,22996,8094
1354,-1,24143,6223
1355,-1,23673,6208
1356,-1,24126,6406
1357,-1,23599,6353
1358,-1,23459,6480
1359,-1,23309,6595
1360,-1,23489,6664
1361,-1,23169,6660
1362,-1,23347,6604
1363,-1,23452,6355
1364,-1,23416,6361
1365,-1,24721,6373
1366,-1,24032,6491
1367,-1,23689,6436
1368,-1,23750,6395
1369,-1,25501,6348
1370,-1,24118,6412
1371,-1,23921,6442
1372,-1,24003,6378
1373,-1,23978,6695
1374,-1,24048,6581
1375,-1,23827,6762
1376,-1,23831,6811
1377,-1,23882,6868
1378,-1,25298,6593
1379,-1,24048,6763
1380,-1,24005,6617
1381,-1,23852,6867
1382,-1,24110,6816
1383,-1,24113,6565
1384,-1,24485,8011
1385,-1,24755,6857
1386,-1,23976,6608
1387,-1,24179,6682
1388,-1,24029,6596
1389,-1,24525,6596
1390,-1,24991,6597
1391,-1,24464,6627
1392,-1,24287,6704
1393,-1,24468,6608
1394,-1,24471,6641
1395,-1,24775,6638
1396,-1,24696,6610
1397,-1,24618,6721
1398,-1,25095,6833
1399,-1,24647,6632
1400,-1,27040,6697
1401,-1,24418,6717
1402,-1,24787,6858
1403,-1,24865,7725
1404,-1,25005,6766
1405,-1,24492,7214
1406,-1,25248,7055
1407,-1,24726,7061
1408,-1,25324,7141
1409,-1,25073,7076
1410,-1,24860,6986
1411,-1,24842,7137
1412,-1,24941,7065
1413,-1,25605,6989
1414,-1,28413,8864
1415,-1,25809,6848
1416,-1,25500,6838
1417,-1,25434,6782
1418,-1,25088,6929
1419,-1,25498,7491
1420,-1,25753,7315
1421,-1,25254,7293
1422,-1,25411,7257
1423,-1,25626,7263
1424,-1,25706,7213
1425,-1,25116,7251
1426,-1,25322,7036
1427,-1,25629,7009
1428,-1,26224,6894
1429,-1,26899,6923
1430,-1,26264,6979
1431,-1,26007,6938
1432,-1,26020,7039
1433,-1,26506,7385
1434,-1,25520,7361
1435,-1,25456,7307
1436,-1,25789,7313
1437,-1,26756,7364
1438,-1,26261,7008
1439,-1,26390,6994
1440,-1,26290,7013
1441,-1,26343,7021
1442,-1,26446,7167
1443,-1,28829,7372
1444,-1,26324,7442
1445,-1,26338,7077
1446,-1,26619,7084
1447,-1,26902,7093
1448,-1,27412,7106
1449,-1,26824,7386
1450,-1,26328,7614
1451,-1,26445,7535
1452,-1,26525,7133
1453,-1,26731,7158
1454,-1,27170,7165
1455,-1,26662,7157
1456,-1,26688,7377
1457,-1,30390,7605
1458,-1,26875,7191
1459,-1,26910,7189
1460,-1,26985,7196
1461,-1,27460,7377
1462,-1,26732,7586
1463,-1,27292,7284
1464,-1,27682,7261
1465,-1,26898,7244
1466,-1,26848,7731
1467,-1,27358,7703
1468,-1,27620,7379
1469,-1,27485,7312
1470,-1,27858,7303
1471,-1,29554,7745
1472,-1,27051,7667
1473,-1,27210,7406
1474,-1,27414,7363
1475,-1,27418,7601
1476,-1,27146,7788
1477,-1,27607,7488
1478,-1,27674,7401
1479,-1,28239,7735
1480,-1,27068,7957
1481,-1,27368,7672
1482,-1,28015,7435
1483,-1,28450,7448
1484,-1,28109,7628
1485,-1,28130,7873
1486,-1,27976,7468
1487,-1,27989,7492
1488,-1,27884,7955
1489,-1,28290,7533
1490,-1,28014,7523
1491,-1,28533,7565
1492,-1,28254,7992
1493,-1,28027,7585
1494,-1,28286,7565
1495,-1,28257,7684
1496,-1,28417,7728
1497,-1,28379,9601
1498,-1,28422,7891
1499,-1,29071,7709
1500,-1,28864,7647
1501,-1,28183,7951
1502,-1,28636,7717
1503,-1,28536,7664
1504,-1,28984,7814
1505,-1,28616,7855
1506,-1,28733,7683
1507,-1,28643,7813
1508,-1,28195,7867
1509,-1,28461,7818
1510,-1,28627,11234
1511,-1,29287,7870
1512,-1,28895,7742
1513,-1,28758,7830
1514,-1,29118,7983
1515,-1,31195,8148
1516,-1,29770,8179
1517,-1,29092,7780
1518,-1,29370,8207
1519,-1,29544,7905
1520,-1,29464,7843
1521,-1,29217,7959
1522,-1,29522,7888
1523,-1,32417,8215
1524,-1,29855,7886
1525,-1,29369,7934
1526,-1,29683,8005
1527,-1,29401,7958
1528,-1,29647,7946
1529,-1,29569,8284
1530,-1,29522,7908
1531,-1,29604,8286
1532,-1,29371,8391
1533,-1,29616,8029
1534,-1,29861,8293
1535,-1,29819,7959
1536,-1,31448,8168
1537,-1,30098,8021
1538,-1,30059,8121
1539,-1,30020,8146
1540,-1,29906,8107
1541,-1,30019,8355
1542,-1,30151,8124
1543,-1,30494,8196
1544,-1,29936,8458
1545,-1,30149,8179
1546,-1,30031,8443
1547,-1,30876,8173
1548,-1,32874,8517
1549,-1,30027,8185
1550,-1,30103,8551
1551,-1,29960,8314
1552,-1,30172,9138
1553,-1,30030,8518
1554,-1,30201,8246
1555,-1,30244,8577
1556,-1,31232,8265
1557,-1,34922,8444
1558,-1,34480,8446
1559,-1,30885,8292
1560,-1,32291,8446
1561,-1,31060,8276
1562,-1,30696,8693
1563,-1,30642,8261
1564,-1,30705,8415
1565,-1,31785,8291
1566,-1,31260,8647
1567,-1,30965,8287
1568,-1,31108,8463
1569,-1,31189,8313
1570,-1,31535,8801
1571,-1,31074,8354
1572,-1,34432,8794
1573,-1,31197,8371
1574,-1,31287,8578
1575,-1,31828,8456
1576,-1,38986,8406
1577,-1,31534,8864
1578,-1,31273,8420
1579,-1,30874,8758
1580,-1,32264,8488
1581,-1,31153,8701
1582,-1,31924,8423
1583,-1,31854,8894
1584,-1,33386,8621
1585,-1,31468,8836
1586,-1,31603,8725
1587,-1,32409,8526
1588,-1,31550,8944
1589,-1,32069,8544
1590,-1,31824,8965
1591,-1,31968,8570
1592,-1,31875,8936
1593,-1,31916,8565
1594,-1,31922,8867
1595,-1,37717,9813
1596,-1,34115,8650
1597,-1,32137,8744
1598,-1,32041,9086
1599,-1,31980,8655
1600,-1,32717,8867
1601,-1,32039,8677
1602,-1,32969,9097
1603,-1,32594,9274
1604,-1,32493,8693
1605,-1,33028,8923
1606,-1,32616,8769
1607,-1,37091,8740
1608,-1,32855,8913
1609,-1,32909,8829
1610,-1,32508,8777
1611,-1,32948,9435
1612,-1,32559,8785
1613,-1,32494,9125
1614,-1,32832,9206
1615,-1,32614,8774
1616,-1,33289,9056
1617,-1,33465,9093
1618,-1,33909,12296
1619,-1,32806,9280
1620,-1,33548,9240
1621,-1,33143,8857
1622,-1,33322,9301
1623,-1,33468,9275
1624,-1,32855,8892
1625,-1,33174,9102
1626,-1,33240,9368
1627,-1,33381,9054
1628,-1,33133,9220
1629,-1,33397,9306
1630,-1,35550,8963
1631,-1,33369,8986
1632,-1,33660,9430
1633,-1,33885,9352
1634,-1,34168,9046
1635,-1,33515,9184
1636,-1,33856,9180
1637,-1,33675,9030
1638,-1,34091,9330
1639,-1,34434,9321
1640,-1,34344,9169
1641,-1,34134,9144
1642,-1,35398,9170
1643,-1,34443,9256
1644,-1,33983,9466
1645,-1,33920,9216
1646,-1,33953,9291
1647,-1,33927,9292
1648,-1,34938,9560
1649,-1,34817,9301
1650,-1,34206,9304
1651,-1,34848,9565
1652,-1,36062,9589
1653,-1,34874,9388
1654,-1,34760,9305
1655,-1,35363,9384
1656,-1,34513,9748
1657,-1,34494,9639
1658,-1,34950,10127
1659,-1,35206,9387
1660,-1,34941,9538
1661,-1,35073,9780
1662,-1,36516,9815
1663,-1,34955,9717
1664,-1,35155,9796
1665,-1,34856,9401
1666,-1,34715,9433
1667,-1,34921,9866
1668,-1,35064,9610
1669,-1,34639,9571
1670,-1,35819,9482
1671,-1,35682,9506
1672,-1,35669,9706
1673,-1,37076,9785
1674,-1,35123,9821
1675,-1,35668,9936
1676,-1,35232,9580
1677,-1,35475,9581
1678,-1,35877,9535
1679,-1,35357,9630
1680,-1,35410,9680
1681,-1,35381,9701
1682,-1,35387,9603
1683,-1,36268,9650
1684,-1,37486,9654
1685,-1,36125,9791
1686,-1,35415,9716
1687,-1,35927,9955
1688,-1,35663,9644
1689,-1,35439,9733
1690,-1,36035,9680
1691,-1,36296,9693
1692,-1,35858,9765
1693,-1,35955,10059
1694,-1,39966,10111
1695,-1,36518,10066
1696,-1,36576,10117
1697,-1,37040,9897
1698,-1,36626,10170
1699,-1,36438,9910
1700,-1,36357,10300
1701,-1,35981,9972
1702,-1,36342,9887
1703,-1,36309,9841
1704,-1,38851,9975
1705,-1,36337,9891
1706,-1,36562,9870
1707,-1,36685,9895
1708,-1,36941,10153
1709,-1,36919,10224
1710,-1,36728,10324
1711,-1,37304,10252
1712,-1,36905,10142
1713,-1,37196,10136
1714,-1,36803,12740
1715,-1,37188,10146
1716,-1,36862,10257
1717,-1,37208,10006
1718,-1,37164,10142
1719,-1,37842,10030
1720,-1,36949,10143
1721,-1,37668,10155
1722,-1,37406,10202
1723,-1,38167,10158
1724,-1,37557,11010
1725,-1,37350,10244
1726,-1,39026,10253
1727,-1,37468,10515
1728,-1,37869,10136
1729,-1,37323,10562
1730,-1,37877,10325
1731,-1,37440,10310
1732,-1,37915,10354
1733,-1,37703,10609
1734,-1,38304,12120
1735,-1,37949,10602
1736,-1,38217,10609
1737,-1,38071,10342
1738,-1,38446,10331
1739,-1,38355,10258
1740,-1,38272,10327
1741,-1,37886,10248
1742,-1,38273,10350
1743,-1,38194,10228
1744,-1,40662,10817
1745,-1,38316,10433
1746,-1,38432,10425
1747,-1,38049,10675
1748,-1,39334,10489
1749,-1,38347,10580
1750,-1,38666,10525
1751,-1,38379,10814
1752,-1,38689,10640
1753,-1,39041,10412
1754,-1,41202,10405
1755,-1,39186,10487
1756,-1,39486,10862
1757,-1,38794,10636
1758,-1,38993,10878
1759,-1,39323,10746
1760,-1,38984,10925
1761,-1,39220,10456
1762,-1,39379,10489
1763,-1,39913,10498
1764,-1,49267,10600
1765,-1,39915,12649
1766,-1,39057,10998
1767,-1,39087,10921
1768,-1,39390,10946
1769,-1,40836,10826
1770,-1,39364,10672
1771,-1,39977,10658
1772,-1,39703,11095
1773,-1,40947,10759
1774,-1,39435,11102
1775,-1,39807,10825
1776,-1,39971,10683
1777,-1,39741,10809
1778,-1,39646,11053
1779,-1,39864,11100
1780,-1,39512,10859
1781,-1,40038,10777
1782,-1,41474,13567
1783,-1,40159,11229
1784,-1,40986,11157
1785,-1,40145,10839
1786,-1,40125,10964
1787,-1,40076,10961
1788,-1,40031,11155
1789,-1,40934,10995
1790,-1,40436,10921
1791,-1,41347,10967
1792,-1,42927,11258
1793,-1,40865,10956
1794,-1,40526,11042
1795,-1,40208,11328
1796,-1,40694,11122
1797,-1,40788,11034
1798,-1,40487,11076
1799,-1,40815,11419
1800,-1,42293,11446
1801,-1,44447,11352
1802,-1,41048,11346
1803,-1,40898,11374
1804,-1,41455,10976
1805,-1,41382,11190
1806,-1,41144,11380
1807,-1,41026,11170
1808,-1,41695,11158
1809,-1,40592,11077
1810,-1,42279,11478
1811,-1,41213,11199
1812,-1,41431,11167
1813,-1,41252,11439
1814,-1,41654,11220
1815,-1,41943,11335
1816,-1,40854,11159
1817,-1,41334,11300
1818,-1,41544,11456
1819,-1,42527,11385
1820,-1,41519,11643
1821,-1,41577,11262
1822,-1,43145,11261
1823,-1,41533,11209
1824,-1,41642,11336
1825,-1,41501,11298
1826,-1,41565,11457
1827,-1,42165,11355
1828,-1,43415,11544
1829,-1,42570,11419
1830,-1,42050,11382
1831,-1,41480,11457
1832,-1,42614,11413
1833,-1,42174,11555
1834,-1,41962,11408
1835,-1,42496,11375
1836,-1,42379,11573
1837,-1,45612,11367
1838,-1,42979,11645
1839,-1,42774,11851
1840,-1,45426,11690
1841,-1,42591,11573
1842,-1,42270,11477
1843,-1,42545,11642
1844,-1,43022,11671
1845,-1,42715,11525
1846,-1,45127,11908
1847,-1,43211,11526
1848,-1,42732,11915
1849,-1,43439,11510
1850,-1,43267,11703
1851,-1,42896,11770
1852,-1,42891,11629
1853,-1,43402,11997
1854,-1,44163,11619
1855,-1,44112,11746
1856,-1,44020,11637
1857,-1,43133,12127
1858,-1,43965,11624
1859,-1,44313,12224
1860,-1,43692,11691
1861,-1,43993,11980
1862,-1,43306,11790
1863,-1,45344,11828
1864,-1,43846,11743
1865,-1,43597,11912
1866,-1,43776,12018
1867,-1,43823,11804
1868,-1,43976,11987
1869,-1,43984,11975
1870,-1,44063,12232
1871,-1,45063,11915
1872,-1,46878,11987
1873,-1,43949,11987
1874,-1,44639,11909
1875,-1,44436,12024
1876,-1,44095,11876
1877,-1,44227,12297
1878,-1,44479,11868
1879,-1,44022,12080
1880,-1,45228,15017
1881,-1,45140,12391
1882,-1,45172,12046
1883,-1,44318,12092
1884,-1,44834,12007
1885,-1,44489,12114
1886,-1,45579,12215
1887,-1,44612,12083
1888,-1,46031,12429
1889,-1,47110,12027
1890,-1,45641,12359
1891,-1,45685,12183
1892,-1,45725,12164
1893,-1,44892,12502
1894,-1,45421,12112
1895,-1,45002,12576
1896,-1,45586,12378
1897,-1,48779,12394
1898,-1,45396,12602
1899,-1,45233,12335
1900,-1,45616,12169
1901,-1,45263,12250
1902,-1,45971,12366
1903,-1,45419,12410
1904,-1,45785,12241
1905,-1,45683,12922
1906,-1,46912,12467
1907,-1,45533,12434
1908,-1,45823,12811
1909,-1,46249,12340
1910,-1,45646,12483
1911,-1,45809,12564
1912,-1,47352,12342
1913,-1,46569,12549
1914,-1,47467,12386
1915,-1,46089,12595
1916,-1,46579,12599
1917,-1,46657,12469
1918,-1,45913,12540
1919,-1,46821,12492
1920,-1,46290,12489
1921,-1,48065,12518
1922,-1,50438,12622
1923,-1,46279,12599
1924,-1,46354,12584
1925,-1,46850,12893
1926,-1,46475,12566
1927,-1,46196,12618
1928,-1,46713,12805
1929,-1,46810,12813
1930,-1,51002,12606
1931,-1,46636,12629
1932,-1,46956,12724
1933,-1,47406,15819
1934,-1,47189,12690
1935,-1,46777,12652
1936,-1,46912,12786
1937,-1,47419,12765
1938,-1,48087,12848
1939,-1,46677,12696
1940,-1,47171,12763
1941,-1,48292,12892
1942,-1,48044,12836
1943,-1,47900,12751
1944,-1,47470,12909
1945,-1,47695,12940
1946,-1,50128,12902
1947,-1,47768,12830
1948,-1,47319,13941
1949,-1,47368,12853
1950,-1,47696,13019
1951,-1,47597,13049
1952,-1,48562,12865
1953,-1,47745,12963
1954,-1,50245,13002
1955,-1,48020,13087
1956,-1,47928,12942
1957,-1,47384,12881
1958,-1,48190,13068
1959,-1,47823,13353
1960,-1,47723,12998
1961,-1,48435,13056
1962,-1,52575,13160
1963,-1,47739,13010
1964,-1,47982,13224
1965,-1,48525,13475
1966,-1,48649,13442
1967,-1,48306,13226
1968,-1,49291,13084
1969,-1,48582,13104
1970,-1,50833,13216
1971,-1,48581,13425
1972,-1,49099,13717
1973,-1,48827,13221
1974,-1,48777,13122
1975,-1,49439,13268
1976,-1,48912,13284
1977,-1,49254,14585
1978,-1,49426,13272
1979,-1,49894,13585
1980,-1,49181,13584
1981,-1,49156,14335
1982,-1,49349,13628
1983,-1,49103,13386
1984,-1,50827,13369
1985,-1,50304,13402
1986,-1,49555,13332
1987,-1,49661,13300
1988,-1,50638,13408
1989,-1,49282,13440
1990,-1,49543,13375
1991,-1,50380,13423
1992,-1,49791,13519
1993,-1,52299,13454
1994,-1,51049,13462
1995,-1,50349,13426
1996,-1,49962,13419
1997,-1,50422,13885
1998,-1,50062,13590
1999,-1,50508,13637
2000,-1,51387,13755
2001,-1,50310,13609
2002,-1,50119,13699
2003,-1,50419,13575
2004,-1,50600,13697
2005,-1,50050,13678
2006,-1,50911,13656
2007,-1,49926,13607
2008,-1,52381,13701
2009,-1,53185,13735
2010,-1,50742,13754
2011,-1,50520,13653
2012,-1,51151,13814
2013,-1,51299,13757
2014,-1,53180,13735
2015,-1,51521,13808
2016,-1,50818,13765
2017,-1,51498,13688
2018,-1,51197,13799
2019,-1,51472,13795
2020,-1,52117,13796
2021,-1,51409,14010
2022,-1,51323,14035
2023,-1,52626,13818
2024,-1,51706,13965
2025,-1,51996,13880
2026,-1,51679,13865
2027,-1,51396,13992
2028,-1,51844,14012
2029,-1,51524,14040
2030,-1,55147,13971
2031,-1,51919,13944
2032,-1,51622,14013
2033,-1,51950,13937
2034,-1,51236,14030
2035,-1,52055,13998
2036,-1,51710,14193
2037,-1,51821,17554
2038,-1,51568,14061
2039,-1,51680,14287
2040,-1,51816,14044
2041,-1,52605,14149
2042,-1,52412,14261
2043,-1,51843,15343
2044,-1,51690,14076
2045,-1,55989,14105
2046,-1,52319,14130
2047,-1,53133,14184
2048,-1,52516,14228
2049,-1,51894,14213
2050,-1,52349,14200
2051,-1,52725,14292
2052,-1,53425,14576
2053,-1,52901,14245
2054,-1,52616,14363
2055,-1,53368,14381
2056,-1,52691,14357
2057,-1,53153,14520
2058,-1,54818,14241
2059,-1,53616,14384
2060,-1,53762,14442
2061,-1,53414,14362
2062,-1,53859,14748
2063,-1,54135,14429
2064,-1,53604,14548
2065,-1,54082,14503
2066,-1,56374,14610
2067,-1,53707,14558
2068,-1,53784,14496
2069,-1,53367,14538
2070,-1,54256,14564
2071,-1,53681,14642
2072,-1,55665,14616
2073,-1,56681,14726
2074,-1,54074,14632
2075,-1,54288,14620
2076,-1,55725,14604
2077,-1,54098,14591
2078,-1,55260,14712
2079,-1,53939,14720
2080,-1,56275,14617
2081,-1,54259,14681
2082,-1,54784,14732
2083,-1,54290,14804
2084,-1,54523,14763
2085,-1,54313,14844
2086,-1,54278,14741
2087,-1,58168,14729
2088,-1,54435,14736
2089,-1,54576,14734
2090,-1,55309,15550
2091,-1,54662,14884
2092,-1,55086,14844
2093,-1,55599,14832
2094,-1,56053,14985
2095,-1,54846,14929
2096,-1,54956,14810
2097,-1,54688,14968
2098,-1,55099,14967
2099,-1,55531,14946
2100,-1,55234,14829
2101,-1,57318,15036
2102,-1,56098,14994
2103,-1,56045,15084
2104,-1,55321,15006
2105,-1,55532,14998
2106,-1,55945,15086
2107,-1,55513,15052
2108,-1,58187,15076
2109,-1,55707,15119
2110,-1,56219,15099
2111,-1,56856,15132
2112,-1,55811,15033
2113,-1,55535,15137
2114,-1,56402,15051
2115,-1,59028,15209
2116,-1,56588,15157
2117,-1,56117,15138
2118,-1,55863,15160
2119,-1,56434,15144
2120,-1,57195,15219
2121,-1,56358,15477
2122,-1,57180,15211
2123,-1,56234,15596
2124,-1,56248,15233
2125,-1,55851,15213
2126,-1,57011,15420
2127,-1,57944,15446
2128,-1,58544,15419
2129,-1,56629,15310
2130,-1,57672,15504
2131,-1,56525,15805
2132,-1,57207,15342
2133,-1,56790,15406
2134,-1,57362,15629
2135,-1,58658,15478
2136,-1,57127,15444
2137,-1,57078,15610
2138,-1,57482,15622
2139,-1,56596,15464
2140,-1,57167,15722
2141,-1,57220,15558
2142,-1,58274,15716
2143,-1,56523,15517
2144,-1,57955,15705
2145,-1,57394,15770
2146,-1,57304,15678
2147,-1,57736,15625
2148,-1,59315,15810
2149,-1,58003,15612
2150,-1,58409,15648
2151,-1,58297,15724
2152,-1,57804,15731
2153,-1,59390,16408
2154,-1,58340,15660
2155,-1,59357,15690
2156,-1,57927,15857
2157,-1,58944,15811
2158,-1,58398,15747
2159,-1,58383,15762
2160,-1,57879,15746
2161,-1,58266,16654
2162,-1,58639,15824
2163,-1,58144,15905
2164,-1,58633,15932
2165,-1,59457,15924
2166,-1,58799,15789
2167,-1,59683,16000
2168,-1,60461,16000
2169,-1,58244,15934
2170,-1,59320,15986
2171,-1,59902,16019
2172,-1,59762,15968
2173,-1,59385,15968
2174,-1,59801,17418
2175,-1,58942,16006
2176,-1,59173,16175
2177,-1,59522,16138
2178,-1,59177,16094
2179,-1,59373,16297
2180,-1,60009,16028
2181,-1,63345,16106
2182,-1,60413,16082
2183,-1,60259,16076
2184,-1,59920,16117
2185,-1,59957,16507
2186,-1,61032,16218
2187,-1,61832,16202
2188,-1,59769,16196
2189,-1,60375,16200
2190,-1,59590,16178
2191,-1,59424,16269
2192,-1,60881,16283
2193,-1,60426,17058
2194,-1,59538,16328
2195,-1,60184,16284
2196,-1,60520,16333
2197,-1,59595,16485
2198,-1,60571,16326
2199,-1,60995,16375
2200,-1,61948,16337
2201,-1,60610,16485
2202,-1,60852,16333
2203,-1,61502,16371
2204,-1,61110,16382
2205,-1,62602,16434
2206,-1,63095,16428
2207,-1,61596,16468
2208,-1,60543,16513
2209,-1,61422,16576
2210,-1,60939,16627
2211,-1,61062,16589
2212,-1,60585,18575
2213,-1,62131,16555
2214,-1,61245,16643
2215,-1,61090,16637
2216,-1,61793,16620
2217,-1,62490,16726
2218,-1,61063,16592
2219,-1,62219,17096
2220,-1,61399,16788
2221,-1,62312,16639
2222,-1,62813,16648
2223,-1,62108,16665
2224,-1,61673,16746
2225,-1,62851,16741
2226,-1,62724,16697
2227,-1,61892,16846
2228,-1,62370,16921
2229,-1,62481,16970
2230,-1,62145,16737
2231,-1,64899,16765
2232,-1,62925,16820
2233,-1,63093,16860
2234,-1,63635,17132
2235,-1,62581,16990
2236,-1,62874,16967
2237,-1,63799,16978
2238,-1,62467,17007
2239,-1,62382,16949
2240,-1,62662,18256
2241,-1,84742,17023
2242,-1,62832,17002
2243,-1,63442,17122
2244,-1,63280,16987
2245,-1,63924,17044
2246,-1,63721,17050
2247,-1,63761,16973
2248,-1,63652,17126
2249,-1,65313,17061
2250,-1,63890,17123
2251,-1,63812,17093
2252,-1,63862,17057
2253,-1,63419,18372
2254,-1,64153,17102
2255,-1,66942,17297
2256,-1,63956,17211
2257,-1,63519,17193
2258,-1,64237,17288
2259,-1,64639,17285
2260,-1,63478,17307
2261,-1,67757,17264
2262,-1,63694,17279
2263,-1,67296,17355
2264,-1,64426,17276
2265,-1,63517,19377
2266,-1,64430,17416
2267,-1,66835,17372
2268,-1,64939,17393
2269,-1,65270,17406
2270,-1,65599,17400
2271,-1,64292,17409
2272,-1,64613,17460
2273,-1,66317,17495
2274,-1,64640,17500
2275,-1,64116,17572
2276,-1,64916,17470
2277,-1,64781,17531
2278,-1,63994,17587
2279,-1,68745,17602
2280,-1,66644,17725
2281,-1,65767,17517
2282,-1,65993,17642
2283,-1,65077,17547
2284,-1,64866,19509
2285,-1,65881,17656
2286,-1,65244,17700
2287,-1,65066,17730
2288,-1,66046,17725
2289,-1,64985,17812
2290,-1,65720,19035
2291,-1,65457,17674
2292,-1,65421,17877
2293,-1,65251,17767
2294,-1,66342,17767
2295,-1,65484,17862
2296,-1,68596,17838
2297,-1,66135,17808
2298,-1,65786,17897
2299,-1,66059,17993
2300,-1,65926,19094
2301,-1,65947,18031
2302,-1,69172,18007
2303,-1,66307,17900
2304,-1,65902,18099
2305,-1,66554,18158
2306,-1,65956,17980
2307,-1,66272,18050
2308,-1,70706,18030
2309,-1,67118,18012
2310,-1,66486,18041
2311,-1,67304,18075
2312,-1,68752,18103
2313,-1,66884,20877
2314,-1,67653,18071
2315,-1,67318,18202
2316,-1,67140,18164
2317,-1,67367,18139
2318,-1,67077,18157
2319,-1,70750,18174
2320,-1,69640,18207
2321,-1,67017,18215
2322,-1,67611,18163
2323,-1,67212,18267
2324,-1,69483,18318
2325,-1,70508,18304
2326,-1,67731,18248
2327,-1,68391,18318
2328,-1,68063,18229
2329,-1,68351,18252
2330,-1,68261,19529
2331,-1,68244,18362
2332,-1,67185,18375
2333,-1,68351,18395
2334,-1,67959,18365
2335,-1,68527,24032
2336,-1,91303,26493
2337,-1,99877,27088
2338,-1,100068,29108
2339,-1,84041,19366
2340,-1,79530,18547
2341,-1,69026,18520
2342,-1,69074,18675
2343,-1,98715,20029
2344,-1,77512,18489
2345,-1,82087,18719
2346,-1,77530,18603
2347,-1,69814,18736
2348,-1,69310,18647
2349,-1,68123,19198
2350,-1,75755,28148
2351,-1,86514,18929
2352,-1,123244,19514
2353,-1,77363,23208
2354,-1,86691,24274
2355,-1,102454,34941
2356,-1,99195,18837
2357,-1,74676,18823
2358,-1,93803,30894
2359,-1,87953,18860
2360,-1,75836,18790
2361,-1,73168,22273
2362,-1,70157,18844
2363,-1,69610,22605
2364,-1,74484,18778
2365,-1,78062,24768
2366,-1,91704,27662
2367,-1,75796,25341
2368,-1,80913,25272
2369,-1,82163,18879
2370,-1,71338,18996
2371,-1,69761,18993
2372,-1,69581,19639
2373,-1,85141,19222
2374,-1,72380,19061
2375,-1,70519,18965
2376,-1,70343,19050
2377,-1,70092,19162
2378,-1,70409,19090
2379,-1,71198,23382
2380,-1,70212,19187
2381,-1,79180,21226
2382,-1,92015,19184
2383,-1,70706,19207
2384,-1,71049,19247
2385,-1,89509,25179
2386,-1,95368,31235
2387,-1,82915,28467
2388,-1,80675,19549
2389,-1,83255,20149
2390,-1,85309,20060
2391,-1,72887,19269
2392,-1,71292,20058
2393,-1,73580,19311
2394,-1,73832,19384
2395,-1,72616,19377
2396,-1,72750,19405
2397,-1,72372,19368
2398,-1,71730,19368
2399,-1,72382,22943
2400,-1,73476,19446
2401,-1,72170,19408
2402,-1,71902,19508
2403,-1,72740,19500
2404,-1,73140,19562
2405,-1,74239,19598
2406,-1,71968,19447
2407,-1,72233,19643
2408,-1,73073,19644
2409,-1,72280,19698
2410,-1,77705,19642
2411,-1,73670,19533
2412,-1,71987,19605
2413,-1,72417,19697
2414,-1,74224,19569
2415,-1,76926,19665
2416,-1,72656,19717
2417,-1,73050,19633
2418,-1,72683,19804
2419,-1,72379,19759
2420,-1,72301,23205
2421,-1,72715,19953
2422,-1,72974,19846
2423,-1,73494,19952
2424,-1,73712,19893
2425,-1,73083,19896
2426,-1,73821,20060
2427,-1,73820,19932
2428,-1,73260,19861
2429,-1,73431,19936
2430,-1,72979,20228
2431,-1,74359,19947
2432,-1,75256,19966
2433,-1,74092,19987
2434,-1,74050,21315
2435,-1,73833,20084
2436,-1,78173,20060
2437,-1,74951,19986
2438,-1,75552,20074
2439,-1,83653,20112
2440,-1,74341,20024
2441,-1,77927,20032
2442,-1,74864,22533
2443,-1,75271,20115
2444,-1,75879,20278
2445,-1,74385,20305
2446,-1,83925,20257
2447,-1,79795,20248
2448,-1,76086,20250
2449,-1,76316,20305
2450,-1,75785,20309
2451,-1,75984,20432
2452,-1,75283,20296
2453,-1,75911,20310
2454,-1,75482,20396
2455,-1,76027,20411
2456,-1,78270,20541
2457,-1,76529,20379
2458,-1,75942,20418
2459,-1,76537,20445
2460,-1,77528,20457
2461,-1,75447,21928
2462,-1,75806,20530
2463,-1,76269,20462
2464,-1,76597,20579
2465,-1,77767,20530
2466,-1,75730,23960
2467,-1,75792,20595
2468,-1,76987,20586
2469,-1,75576,20616
2470,-1,78590,20594
2471,-1,77004,22495
2472,-1,76409,20675
2473,-1,76957,20700
2474,-1,76953,20702
2475,-1,78402,20727
2476,-1,76545,23774
2477,-1,77298,20788
2478,-1,76608,20795
2479,-1,75995,20659
2480,-1,77187,20829
2481,-1,77849,22878
2482,-1,76988,20883
2483,-1,78709,20883
2484,-1,76715,20920
2485,-1,77372,20867
2486,-1,77618,23708
2487,-1,77726,21349
2488,-1,77897,20815
2489,-1,77453,20863
2490,-1,76784,20952
2491,-1,78653,23513
2492,-1,77387,21000
2493,-1,78225,20984
2494,-1,77375,21077
2495,-1,77788,21113
2496,-1,81324,21094
2497,-1,77882,21004
2498,-1,78240,21067
2499,-1,77425,21111
2500,-1,77392,21121
